1,create,創り出す
2,increase,増加する
3,improve,向上させる
4,mean,意味する
5,own,所有している
6,include,含む
7,consider,見なす
8,allow,許す
9,suggest,提案する
10,produce,生産する
11,decide,決める
12,offer,提供する 申し出る
13,require,要求する
14,share,共有する
15,store,保存する
16,tend,傾向がある
17,concern,心配している
18,describe,述べる 説明する
19,involve,関与させる
20,reduce,減らす
21,design,設計する
22,force,強いる
23,limit,制限[規制]する
24,bear,耐える
25,affect,影響を及ぼす
26,deal,処理する
27,avoid,避ける
28,relate,関連づける
29,realize,気づく
30,encourage,奨励する
31,compare,比較する
32,measure,測る
33,exist,存在する
34,mark,印をつける
35,challenge,異議を唱える
36,depend,頼る
37,object,反対する
38,demand,要求する
39,found,設立する
40,complete,完成させる 仕上げる
41,idea,考え 思いつき
42,accord,一致
43,company,会社
44,interest,興味
45,research,研究 調査
46,cause,原因
47,reason,理由
48,effect,影響
49,influence,影響（力）
50,situation,状況
51,environment,環境
52,skill,技能
53,matter,事柄
54,view,見解
55,value,価値
56,species,（生物の）種
57,thought,考え
58,knowledge,知識
59,memory,記憶（力）
60,practice,実践 実行
61,benefit,利益 恩恵
62,theory,学説
63,issue,問題（点）
64,experiment,実験
65,article,記事
66,focus,焦点
67,subject,話題
68,project,計画
69,quality,質
70,role,役割
71,term,（専門）用語
72,statement,声明
73,material,材料 素材
74,evidence,証拠
75,source,源 根源
76,community,（共同）社会 ～界
77,technology,科学技術
78,culture,文化
79,appropriate,適切な
80,likely,ありそうな
81,possible,可能な
82,individual,個々の
83,public,公の
84,common,共通の
85,certain,確信して
86,similar,似ている 類似した
87,recent,最近の
88,major,主要な 大きい（ほうの）
89,patient,忍耐強い
90,particular,特定の
91,physical,身体の
92,various,さまざまな
93,available,手に入れる
94,native,出生地の
95,political,政治（上）の
96,due,予定された
97,blank,空白の
98,ancient,古代の
99,correct,正しい
100,despite,～にもかかわらず
101,notice,気づく
102,refer,言及する 関連する
103,approach,近づく
104,wonder,かなと思う
105,imagine,想像する
106,recognize,識別できる
107,solve,解く 解明する
108,occur,起こる
109,argue,主張する
110,claim,主張する
111,express,表す 述べる
112,draw,引き出す
113,waste,浪費する 無駄にする
114,advance,進歩させる
115,spread,広める
116,prepare,準備する
117,gain,獲得する
118,achieve,達成する
119,establish,確立する
120,supply,供給する
121,suppose,思う
122,perform,行う
123,prefer,ほうを好む
124,determine,決定する
125,treat,扱う
126,prove,証明する
127,apply,適用[応用]する
128,mention,言及する
129,communicate,情報交換をする
130,contain,含む
131,contact,連絡を取る
132,regard,見なす
133,respect,尊敬する
134,search,捜す
135,connect,つなぐ
136,decline,減少する
137,prevent,妨げる
138,suffer,苦しむ
139,survive,切り抜けて生き残る
140,publish,出版する
141,opportunity,機会
142,task,（課せられた）仕事 作業
143,industry,産業
144,medium,（情報伝達の）媒体
145,economy,経済（状態）
146,policy,政策 方針
147,account,説明
148,trade,貿易
149,model,模範
150,figure,数字
151,cell,細胞
152,image,印象
153,emotion,感情 情動
154,stress,ストレス
155,decade,10年間
156,range,範囲
157,character,性格 個性
158,advantage,利点
159,phrase,句
160,damage,損害 損傷
161,impact,影響
162,method,方法
163,resource,資源
164,region,地域
165,medicine,薬
166,detail,詳細（な情報）細部
167,feature,特徴
168,function,機能
169,access,利用 入手
170,item,品目 項目
171,income,収入
172,attitude,態度
173,site,用地 場所
174,aspect,（物事の）側面
175,structure,構造
176,habit,習慣 癖
177,link,関連 つながり
178,instance,（具体的な）例 実例
179,positive,肯定的な
180,negative,否定的な
181,complex,複雑な
182,current,現在の
183,mental,精神の
184,specific,特定の
185,significant,重要な 重大な
186,essential,必要不可欠な
187,official,公用の
188,financial,財政（上）の
189,academic,学問の
190,aware,気づいて 知って
191,worth,値する
192,potential,潜在的な
193,active,積極的な
194,digital,デジタル方式の
195,mobile,可動[移動]式の
196,novel,斬新な 目新しい
197,plastic,柔軟な
198,chemical,化学の 化学的な
199,necessary,必要な
200,eventually,結局は
201,identify,特定する
202,represent,表す
203,indicate,指し示す
204,manage,なんとか成し遂げる
205,attend,出席する
206,maintain,維持する
207,survey,調査する
208,replace,取って代わる
209,sort,分類する
210,conduct,（調査・実験などを）実施する
211,associate,結び付けて考える
212,attempt,試みる 企てる
213,promote,促進する
214,earn,稼ぐ
215,unite,団結させる
216,feed,食べ物[乳]を与える
217,seek,追い求める
218,observe,気づく
219,reveal,明らかにする
220,estimate,推定する
221,reflect,反映する
222,attract,引きつける
223,decrease,減少する
224,ignore,無視する
225,match,合う
226,define,定義する
227,adapt,適応する
228,contribute,貢献する 一因となる
229,exchange,交換する
230,display,示す
231,respond,反応する
232,hide,隠す
233,doubt,ではないと思う
234,remove,取り除く
235,wind,（ねじなど）を巻く
236,assume,当然のことと思う 仮定する
237,relax,くつろぐ
238,satisfy,満足させる
239,desire,強く望む
240,succeed,成功する
241,concept,概念
242,fashion,流行 ファッション
243,device,装置 機器
244,charge,料金
245,contrast,対照
246,colleague,（職場の）同僚
247,pain,苦痛 痛み
248,bill,請求書
249,content,内容 中身
250,section,部門
251,audience,聴衆 観客
252,surface,表面
253,crop,作物
254,topic,話題 トピック
255,technique,技術
256,status,地位
257,option,選択（の自由）
258,reward,報酬
259,race,人種
260,crime,罪 犯罪
261,conflict,争い
262,struggle,闘い
263,context,状況 背景
264,debate,討論 論争
265,fuel,燃料
266,pollution,汚染 公害
267,trend,傾向
268,balance,均衡 バランス
269,traffic,交通
270,strategy,戦略
271,basis,基礎
272,consequence,結果
273,aim,目的 目標
274,ancestor,祖先
275,gene,遺伝子
276,track,跡
277,revolution,革命
278,progress,進歩
279,cognitive,認知の
280,ideal,理想的な
281,efficient,効率的な
282,universal,普遍的な
283,vast,莫大な
284,extra,追加の 余分の
285,entire,全体の 全部の
286,familiar,精通している
287,obvious,明らかな
288,moral,道徳（上）の 倫理的な
289,ordinary,一般の 普通の
290,equal,等しい
291,previous,以前の 前の
292,false,間違った
293,rare,まれな 珍しい
294,legal,法律の
295,independent,独立した
296,extreme,極端な
297,actual,実際の 現実の
298,willing,いとわない かまわないと思う
299,urban,都市の
300,whereas,"～するのに（対し）
～する一方"
301,predict,予言[予測]する
302,examine,調べる
303,trust,信頼する
304,stick,動けなくする
305,emerge,現れる
306,vary,さまざまである
307,release,放出する
308,divide,分ける
309,enable,（人が）・・・できるようにする
310,judge,判断する
311,rely,頼る
312,engage,従事させる
313,shift,変える 移す
314,adopt,採用する
315,acquire,得る
316,expand,拡大する
317,refuse,拒む
318,strike,心を打つ
319,repeat,繰り返す
320,consume,消費する
321,confuse,混同する
322,select,選ぶ えり抜く
323,evolve,（徐々に）発展する
324,convince,納得[確信]させる
325,recall,思い出す
326,destroy,破壊する
327,preserve,保存する
328,organize,準備する
329,warn,（人）に警告[注意]する
330,address,（問題など）に対処する
331,operate,操作する
332,participate,参加する
333,surround,取り巻く
334,flow,流れる
335,bore,（人）を退屈させる うんざりさせる
336,complain,不平[苦情]を言う
337,host,主催する
338,combine,結び付ける
339,extend,伸[延]ばす
340,appreciate,正当に評価する
341,target,（到達・攻撃）目標
342,element,要素 成分
343,principle,原則 原理
344,phenomenon,現象
345,atmosphere,大気
346,origin,起源
347,personality,個性 性格
348,capacity,（最大）容量 収容能力
349,profit,利益
350,circumstance,状況 事情
351,manner,作法
352,threat,脅威
353,resident,居住者
354,wealth,富
355,institution,機関
356,authority,（関係）当局
357,vote,投票
358,sight,光景
359,campaign,運動
360,fund,基金 資金
361,web,ウェブ
362,symbol,象徴 シンボル
363,analysis,分析（結果）
364,version,（本・製品などの）版
365,perspective,観点 見方
366,crisis,危機
367,disaster,災害
368,lecture,講義 講演
369,psychology,心理学
370,gender,（社会的・文化的）性、性別
371,custom,（社会的な）慣習
372,court,裁判所 法廷
373,desert,砂漠
374,soil,土地、土壌
375,agriculture,農業
376,fossil,化石
377,document,（公）文書 書類
378,vocabulary,語彙
379,intelligent,聡明な
380,conscious,意識して 気づいて
381,capable,能力がある
382,accurate,正確な
383,fundamental,基本的な
384,artificial,人工の
385,firm,確固たる
386,overall,総合的な
387,rural,田舎の 田園の
388,military,軍の 軍事（用）の
389,nuclear,核の 原子力の
390,biological,生物学（上）の
391,constant,絶え間ない
392,severe,"（人・規律・事態・
天気などが）厳しい"
393,visual,視覚の
394,enormous,莫大な 巨大な
395,convenient,便利な 都合の良い
396,domestic,家庭の
397,mass,大規模な 大量の
398,typical,典型的な
399,overseas,海外へ[に、で]
400,nevertheless,それにもかかわらず
401,demonstrate,論証[証明]する
402,behave,振る舞う
403,educate,教育する
404,purchase,購入する
405,recommend,勧める
406,admit,（しぶしぶ）認める
407,generate,生み出す
408,explore,調査[探求]する
409,amaze,びっくりさせる
410,tear,引き裂く
411,settle,解決する
412,afford,持つ[する]余裕がある
413,conclude,結論づける
414,advertise,宣伝する
415,encounter,遭遇する
416,remind,思い出させる
417,locate,位置する
418,aid,援助する 助ける
419,bite,かむ かみつく
420,deliver,配達する
421,perceive,気づく
422,distinguish,区別する
423,imply,暗に意味する
424,handle,処理する 扱う
425,praise,賞賛する
426,appeal,訴える
427,insist,強く主張する
428,compete,競う
429,rank ,位置づける 評価する
430,deny,否定する
431,reject,拒否する
432,intend,意図する
433,expose,さらす
434,favor,賛成する
435,inspire,（人を）奮起させる
436,propose,提案する
437,spell,（語を）つづる
438,breathe,呼吸する
439,repair,修理する
440,consist,（～から）成る
441,comment,意見 コメント
442,instruction,指示
443,religion,宗教
444,neighborhood,地域
445,laboratory,実験室 研究室
446,presence,存在
447,confidence,自信
448,harm,害 損害
449,instrument,器具
450,category,部類 区分
451,capital,資本
452,outcome,結果
453,notion,概念
454,review,（書物などの）論評
455,trait,特性
456,diversity,多様性
457,victim,犠牲（者） 被害者
458,occasion,場合 時
459,facility,施設 設備
460,stock,在庫品
461,conference,会議
462,humanity,人類
463,dialect,方言
464,proportion,割合
465,tip,助言 秘訣
466,lawyer,弁護士
467,stuff,（漠然と）物
468,comfort,快適さ
469,philosophy,哲学
470,mammal,哺乳動物
471,quantity,量
472,landscape,風景
473,tribe,部族
474,organ,器官 臓器
475,trial,試み （品質・性能などの）試験
476,norm,規範
477,code,規範
478,substance,物質
479,multiple,多様な
480,numerous,非常に数の多い
481,narrow,狭い
482,widespread,広範囲にわたる
483,sufficient,十分な
484,proper,適切な
485,linguistic,言語の 言語学の
486,annual,年一回の 例年の
487,contemporary,現代の
488,contrary,反対の
489,strict,（規則などが）厳しい
490,civil,市民の
491,odd,奇妙な
492,unknown,不明の
493,superior,よりすぐれた
494,sensitive,敏感な
495,violent,（人・気質などが）激しい
496,virtual,仮想の
497,regardless,かまわない 無頓着な
498,immediate,即座の
499,crucial,重要な
500,somewhat,いくぶん 多少
501,interpret,解釈する
502,translate,翻訳する
503,concentrate,集中する
504,request,頼む
505,criticize,批判する
506,overcome,克服する
507,obtain,得る
508,inform,知らせる
509,ensure,確実にする
510,announce,発表[公表]する 知らせる
511,grant,（人に）（許可・権利などを）与える
512,freeze,凍る
513,oppose,反対する
514,differ,異なる
515,hate,ひどく嫌う
516,emphasize,強調する
517,employ,雇う
518,credit,（功績など）を帰する
519,transform,変える
520,construct,建設する
521,arise,生じる
522,beat,打ち負かす
523,regret,後悔する
524,alter,変える
525,absorb,吸収する
526,disappoint,失望させる
527,cure,治す
528,transport,輸送する
529,rush,急いで行く
530,hang,掛ける
531,blame,責める
532,ban,（法的に）禁止する
533,fascinate,魅了する
534,recover,回復する
535,celebrate,祝う
536,manufacture,製造する
537,interact,影響し合う
538,arrange,段取りをつける
539,adjust,調整する
540,confirm,確認する
541,insight,見識 理解（力）
542,innovation,革新
543,budget,予算
544,fee,料金
545,expense,経費
546,debt,借金 負債
547,loan,貸付金 融資
548,duty,義務
549,alarm,不安 恐れ
550,emergency,緊急（事態）
551,democracy,民主主義 民主政治
552,minister,大臣
553,fellow,仲間 同僚
554,candidate,候補（者）
555,corporation,（大）企業
556,stereotype,固定観念
557,route,道（筋）
558,disorder,障害（心身の）不調
559,depression,憂うつ
560,weapon,兵器 武器
561,immigration,（他国からの）移民 移住
562,barrier,障壁
563,disadvantage,不利（な点）
564,mood,気分
565,motion,動き 動作
566,routine,決まり切った仕事
567,discipline,規律 しつけ
568,myth,作り話
569,hypothesis,仮説
570,physician,医師
571,client,顧客
572,colony,植民地
573,statistics,統計
574,grain,穀物
575,ingredient,材料 成分
576,treasure,宝物 財宝
577,contract,契約（書）
578,welfare,福祉 幸福
579,prime,主要な 最も重要な
580,curious,好奇心の強い
581,dramatic,劇的な
582,distinct,明らかに異なる
583,anxious,心配して
584,vital,必要不可欠な
585,conventional,従来の
586,abstract,抽象的な
587,minor,重要でない
588,extraordinary,並はずれた
589,stable,安定した
590,flexible,融通の利く 柔軟な
591,brief,簡潔な
592,aggressive,攻撃的な
593,visible,（目に）見える
594,unexpected,思いがけない 不意の
595,ethnic,民族の 人種の
596,alien,異質の
597,initial,初めの
598,exact,正確な
599,precise,正確な
600,latter,後者の 後半の
601,commit,献身する
602,stimulate,刺激する
603,enhance,（価値などを）高める 増す
604,pursue,追求する
605,react,反応する
606,disagree,不賛成である
607,stare,じっと見る
608,abandon,捨てる
609,quit,やめる
610,capture,とらえる
611,transfer,移す
612,bother,悩ます
613,persuade,説得する
614,rent,賃借りする
615,breed,繁殖させる 育てる
616,invest,投資する
617,reserve,予約する
618,trace,（足跡・起源などを）たどる
619,illustrate,説明する
620,advise,忠告[助言]する
621,convey,伝える
622,attach,（取り）付ける
623,stretch,伸ばす
624,puzzle,当惑させる
625,disturb,かき乱す
626,crash,衝突する 堕落する
627,cope,うまく処理する
628,permit,許可する
629,impress,感動させる
630,suspect,ではないかと思う
631,upset,動揺させる
632,frighten,（人を）怖がらせる
633,import,輸入する
634,export,輸出する
635,investigate,調査する
636,monitor,監視する
637,calculate,計算する
638,eliminate,取り除く
639,ease,軽減する
640,launch,開始する
641,sequence,連続
642,therapy ,療法
643,symptom,症状
644,incident,出来事 事件
645,witness,目撃者
646,sum,（金）額
647,burden,負担
648,tone,口調
649,honor,光栄
650,award,賞
651,priority,優先（事項）
652,logic,論理
653,minimum,最小限度
654,exception,例外
655,clue,手がかり
656,bond,絆
657,virus,ウイルス
658,surgery,（外科）手術
659,insurance,保険
660,frame,枠 （額）縁
661,shelter,避難（所） 保護
662,territory,領土
663,boundary,境界（線）
664,habitat,生息地
665,district,地区
666,conservation,（動植物などの）保護
667,harvest,収穫（物）
668,predator,捕食動物
669,trap,わな
670,trick,こつ
671,fault,責任
672,discount,割引
673,bias,偏見
674,cooperation,協力 共同
675,patent,特許（権）
676,dialogue,対話 会話
677,component,構成要素
678,reputation,評判
679,verbal,言葉の
680,internal,内部の
681,solid,しっかりした
682,remote,遠く離れた
683,principal,主要な
684,sophisticated,高性能の 精巧な
685,equivalent,等しい 相当する
686,rational,理性的な
687,relevant,関係がある
688,absolute,絶対的な
689,frequent,頻繁な
690,permanent,永続的な
691,intense,強烈な
692,meaningful,意味のある
693,evil,邪悪な
694,extinct,絶滅した
695,random,無作為の
696,raw,生の
697,rude,無礼な
698,mere,単なる ほんの
699,tropical,熱帯の
700,forth,前へ 先へ
701,possess,所有している
702,dominate,支配する
703,guarantee,保証する
704,melt,溶ける
705,embarrass,恥ずかしい思いをさせる
706,discourage,（人に）やる気をなくさせる
707,detect,感知する
708,devote,ささげる
709,urge,（強く）促す
710,lend,貸す
711,restrict,制限する
712,isolate,孤立させる
713,accompany,同行する
714,exhaust,疲れ果てさせる
715,annoy,悩ます
716,endanger,危険にさらす
717,acknowledge,（事実などを）認める
718,admire,敬服[感心]する
719,evaluate,評価する
720,declare,宣言する
721,secure,確保する
722,specialize,専門とする
723,attribute,（結果などを)帰する
724,pretend,ふりをする
725,bury,埋める
726,reverse,逆転させる
727,resist,抵抗する
728,scare,おびえさせる
729,imitate,まねる
730,assist,援助する
731,resemble,似ている
732,retire,引退する 退職する
733,neglect,おろそかにする 怠る
734,collapse,崩壊する
735,reform,改革する
736,protest,抗議する
737,owe,借りがある
738,sustain,持続させる
739,assign,割り当てる
740,accomplish,成し遂げる
741,wisdom,知恵
742,literacy,読み書きの能力
743,heritage,遺産
744,mission ,使命
745,license,免許（証）
746,elite,エリート
747,layer,層
748,motor,モーター
749,protein,タンパク質
750,profession,職業
751,editor,編集者
752,agent,仲介者 代理人
753,globe,地球 世界
754,haven,避難所 保護区
755,row,列
756,sacrifice,犠牲
757,means,手段
758,session,集まり
759,league,（競技）連盟
760,contest,コンテスト 競技（会）
761,guard,警備員
762,opponent,（試合・論争などの）相手
763,glance,ちらっと見ること
764,divorce,離婚
765,tissue,（生物の）組織
766,liquid,液体
767,inequality,不平等
768,prejudice,偏見
769,justice,公正 正義
770,guideline,指針 ガイドライン
771,platform,プラットフォーム
772,sector,（社会・経済などの）部門、セクター
773,channel,チャンネル
774,glacier,氷河
775,primate,霊長類の動物
776,usage,（使）用法
777,fortune,財産
778,correlation,相互関係 相関（関係）
779,artistic,芸術的な
780,literary,文学の
781,classic,第一級の
782,liberal,自由主義の
783,concrete,具体的な
784,slight,わずかな
785,federal,連邦（政府）の
786,primitive,原始的な
787,unfamiliar,不慣れな
788,subtle,微妙な
789,plain,明らかな
790,marine,海の
791,apparent,明白な
792,reluctant,気が進まない 嫌がる
793,temporary,一時的な
794,guilty,罪悪感のある
795,royal,王の
796,pure,純粋な
797,incredible,信じられない
798,eager,熱望して
799,adequate,十分な
800,via,経由で
801,assess,を評価する；を査定する
802,approve,賛成する；を承認する
803,remark,と述べる；(～について)意見を述べる(on / upon)
804,pose,(危険)を引き起こす；(問題など)を提起する；ポーズをとる；(～を)装う(as)
805,yield,をもたらす；を(～に)譲る(to)；(～に)屈する(to)
806,exhibit,を示す，見せる；を展示する
807,distribute,を(～に)分配する(to)；〔受身形で〕分布する
808,command,を命じる；を指揮する；(景色)を見渡せる
809,occupy,(空間・時間)を占める；を占領する
810,pop,ひょいと動く；不意に現れる；ポンとはじける
811,pile,を積み重ねる；積み重なる
812,greet,に挨拶する；を迎える
813,apologize,(～に；～のことで)謝る(to；for)；弁明する
814,frustrate,をいら立たせる；(計画・希望など)を挫折させる
815,relieve,を和らげる；〔受身形で〕(…して)安心する(to do)；を解放する
816,derive,由来する；を引き出す；を推論する
817,deserve,に値する
818,peer,(～を)じっと見る(at / into)
819,defeat,を負かす；を失敗させる
820,convert,を変える；を改宗［転向］させる；を交換する
821,wed,と結婚する；を(～と)結婚させる(to)
822,delight,を喜ばせる；(～を)大いに喜ぶ(in)
823,boost,を押し上げる；を増加させる
824,endure,に耐える；(に)持ちこたえる
825,correspond,一致する；(～に)相当する(to)；文通する
826,impose,を課す；を押しつける
827,rescue,を救う
828,resolve,を解決する；を決意する；を議決する
829,register,を記録する，登録する；(～に)登録する(for)
830,interrupt,を中断させる；(の)邪魔をする
831,rid,から(～を)取り除く，除去する(of)
832,prohibit,を禁止する
833,compose,を構成する；を創作する；を鎮静する
834,misunderstand,(を)誤解する
835,punish,を罰する；に損傷を与える
836,ruin,をだめにする；を破滅させる；破滅する
837,defend,を防御する；を弁護する
838,embrace,を受け入れる；(を)抱擁する；を包含する
839,modify,を修正する；を緩和する
840,qualify,(人)に資格を与える；資格がある
841,passion,情熱；熱中；激怒
842,enthusiasm,(～への)熱情，熱意(for)
843,phase,段階，局面；側面
844,mode,方式；気分；形態；流行
845,span,期間；範囲
846,gravity,重力，引力；重量；重大さ
847,orbit,軌道；(活動・勢力などの)範囲
848,asteroid,小惑星；ヒトデ
849,core,核心；芯
850,soul,精神；魂，霊魂；生気
851,nerve,神経；〔～s〕神経過敏；(…する)度胸(to do)
852,infection,感染(症)
853,mall,【主に米】 モール，ショッピングセンター
854,grocery,〔～s〕食料雑貨；食料雑貨店
855,humor,ユーモア；気分，機嫌；気質
856,instinct,本能；勘，直感；(自然に起こる)衝動
857,faith,(～への)信頼(in)；信仰(心)
858,courage,勇気
859,incentive,動機(づけ)；報奨金
860,prospect,見込み；〔～s〕(未来への)展望；有望な人
861,obstacle,(～に対する)障害(物)(to)
862,architecture,建築；建築様式；構造
863,stem,(草木の)茎，幹
864,illusion,錯覚，思い違い；幻想
865,discrimination,(～に対する)差別(against)；区別
866,shame,恥；残念なこと
867,drought,干ばつ；(慢性的な)不足
868,flavor,風味；特色
869,portion,部分；1人前；割り当て
870,recipe,調理法，レシピ；手順；秘訣
871,luxury,ぜいたく(品)；〔形容詞的に〕豪華な
872,chip,小片，破片；欠けた箇所；集積回路
873,ritual,儀式；(日常の)習慣的行為
874,sake,〔for the ～ ofで〕のために，の目的で；に免じて
875,prefecture,(日本の)県，府；(フランスなどの)県
876,council,(地方)議会；評議会；(公の)会議
877,administration,管理(部)；行政；政府(機関)
878,curriculum,教育課程，カリキュラム
879,precious,貴重な；高価な
880,generous,寛大な；気前のよい；豊富な
881,casual,何気ない；形式ばらない
882,optimistic,楽観的な
883,rough,粗い；大まかな；乱暴な
884,unpleasant,不愉快な；不親切な，無礼な
885,Arctic,北極の
886,ultimate,究極の
887,deaf,耳が聞こえない
888,genuine,本物の；偽りのない
889,manual,体［手］を使う；手の；手動式の
890,mechanical,機械の；機械的な
891,instant,即時の，すぐの；即席の
892,spare,余分の，予備の
893,immune,(～に対して)免疫を持つ(to)；(～を)免れた(from)
894,harsh,厳しい；(光・色・味などが)不快な
895,collective,集団の，共同の
896,inevitable,避けられない
897,profound,重大な；深い；難解な
898,steady,着実な，一定の；安定した
899,mature,成熟した；熟した
900,likewise,同様に
901,chase,(を)追跡する；(を)追求する
902,sue,を告訴する；(～を求めて)訴訟を起こす(for)
903,gaze,じっと見る
904,slip,滑る；滑り落ちる；そっと動く
905,load,に積む；に負わせる
906,overwhelm,を圧倒する；を(精神的に)打ちのめす
907,wander,歩き回る；それる；はぐれる
908,float,漂う，浮かぶ；を浮かべる
909,pour,を注ぐ；激しく降る；押し寄せる
910,substitute,を代わりに使う；(～の)代理をする(for)
911,pronounce,を発音する；を宣言する
912,shrink,縮む，縮小する；減少する；ひるむ
913,restore,を回復させる；を修復する
914,trigger,を引き起こす；のきっかけとなる
915,grab,をつかむ；を横取りする；を急いで食べる
916,retain,を保持する；を覚えている
917,reproduce,を複製する；を繁殖させる；繁殖する
918,bob,上下に動く；急に動く；を上下に動かす
919,entertain,を楽しませる；をもてなす
920,interfere,干渉する，介入する；邪魔する
921,cultivate,を養う；を耕す；を栽培する
922,underlie,の根底にある
923,anticipate,を予期する；楽しみに待つ
924,justify,を正当化する
925,regulate,を規制する；を調整する
926,scan,を走査［スキャン］する；をざっと見る；を注意深く調べる
927,classify,を分類する；を機密扱いにする
928,submit,を提出する；〔＋oneselfで〕(～に)従う(to)
929,pause,(一時的に)中止する；(一瞬)立ち止まる
930,lean,傾く；寄りかかる；をもたせかける
931,bump,ぶつかる；をぶつける
932,fold,を折り畳む；(両腕)を組む；(折り)畳める
933,hesitate,躊躇する，ためらう
934,pump,(液体・気体)をポンプで送り込む；をくみ出す；を注ぎ込む
935,mount,を据えつける；に着手する；(自転車など)に乗る；増える
936,exceed,を超える；に勝る
937,undergo,を経験する；(手術など)を受ける；に耐える
938,confront,に立ち向かう；(困難などが)に立ちはだかる
939,consult,(に)相談する；を参照する
940,fulfill,を実現させる；を果たす；を満たす
941,privilege,特権，特典
942,formation,形成；構成(物)；隊列
943,dimension,側面，局面；次元；寸法
944,neuron,ニューロン，神経単位
945,sensation,感覚；大評判
946,chart,図，グラフ；海図；ヒットチャート
947,geography,〔the ～〕地理；地理学
948,panel,(専門家の)一団；討論者一同；羽目板
949,semester,【主に米】 (2学期制の)学期
950,workforce,労働人口，総労働力；全従業員(数)
951,mill,製造工場；製粉所；粉ひき機
952,abuse,乱用；虐待
953,vice,(道徳上の)悪；欠点
954,fate,運命；結末；最期
955,tragedy,悲劇(的な事態)
956,scenario,(予想される)筋書き，事態；脚本
957,allergy,アレルギー
958,wound,(銃弾・刃物などによる)傷；痛手
959,antibiotic,〔通例～s〕抗生物質
960,vaccine,ワクチン
961,metaphor,隠喩；比喩
962,folk,人々；〔～s〕皆さん；〔one’s ～s〕家族
963,fare,(乗り物の)料金
964,transition,移り変わり；過渡期
965,maximum,最大限
966,galaxy,星雲，銀河；〔the G～〕銀河系
967,mineral,鉱物；ミネラル
968,skeleton,骨格；骨組み；概略
969,counterpart,相当する物［人］
970,stroke,脳卒中；(ボールを)打つこと；(雷などの)一撃
971,pedestrian,歩行者
972,trail,(野山などの)小道；跡；手がかり
973,ecology,生態学；生態系；環境保護
974,sibling,きょうだい(の1人)
975,ratio,比率
976,mixture,混合(物)
977,charm,魅力；お守り
978,ambition,(～に対する)願望，野望(for)；野心
979,prominent,卓越した；目立つ
980,radical,急進的な；根本的な
981,prompt,即座の，迅速な
982,informal,形式ばらない，略式の；(言葉が)くだけた
983,mutual,相互の；共通の
984,neutral,中立の；(特徴・表情などが)はっきりしない
985,alert,警戒して；敏速な
986,magnetic,磁気の；磁石の；人を引きつける
987,polar,極地の；電極の
988,fluent,流ちょうな
989,external,外部の；対外的な
990,passive,受動的な；消極的な
991,awful,ひどい；嫌な；ものすごい
992,unrelated,無関係の；血縁関係がない
993,cruel,残酷な；むごい
994,fake,偽の；見せかけだけの
995,vulnerable,(攻撃などに)弱い，もろい；傷つきやすい
996,urgent,緊急の
997,spiritual,精神の；霊的な
998,modest,謙虚な；適度な；質素な
999,keen,熱心な；鋭敏な；(感情・関心などが)強い
1000,nonetheless,それにもかかわらず，それでもなお
1001,negotiate,交渉する；を(交渉して)取り決める
1002,grasp,を把握［理解］する；をしっかり握る
1003,donate,を寄付する；(臓器・血液)を提供する
1004,arrest,を逮捕する；を止める；(注意)を引く
1005,crack,ひびが入る；にひびを入れる
1006,tap,を軽くたたく；(液体)を出す；を盗聴する
1007,split,を分割する；を分担する；分裂する
1008,forecast,を予想［予測］する
1009,exclude,を除外する
1010,overlook,を見落とす；を大目に見る；を見渡す
1011,burst,破裂する；(～を)突然始める(into)
1012,heal,(人・傷など)を治す；治る
1013,forbid,を禁じる
1014,install,をインストールする；を設置する；を就任させる
1015,diminish,を減らす；減少する
1016,cite,を引き合いに出す；を引用する
1017,quote,を引用する；を引き合いに出す
1018,dispute,に異議を唱える；(を)議論する
1019,highlight,を目立たせる、強調する
1020,distract,(注意など)をそらす
1021,cheat,をだます；不正をする
1022,foster,をはぐくむ；を養育する；を心に抱く
1023,obey,に従う；に服従する
1024,bend,を曲げる；を屈服させる；曲がる
1025,deprive,から(権利などを)奪う
1026,govern,(を)統治する、支配する
1027,log,〔＋onで〕ログオンする；を記録する
1028,transmit,を伝える；(電波・信号など)を送る
1029,bully,をいじめる；を脅す
1030,leap,跳ぶ；さっと動く；急上昇する
1031,astonish,を驚かす
1032,thrill,をぞくぞくさせる；わくわくする
1033,nod,うなずく；会釈する；うとうとする
1034,bow,おじぎする；屈服する
1035,blend,を混ぜる；を調和させる；(～に)溶け込む(into)
1036,complicate,を複雑にする
1037,pitch,を投げる；倒れる；縦揺れする
1038,persist,続く；固執する
1039,dedicate,をささげる；を献呈する
1040,equip,に備えつける
1041,premise,前提；〔～s〕(建物を含めた)構内、敷地
1042,input,入力(情報)、投入；(情報・時間などの)提供
1043,merit,利点；功績；真価
1044,sympathy,同情；(～に対する)共感(with/for)
1045,compliment,賛辞；表敬
1046,infrastructure,インフラ、基本的施設；(経済)基盤
1047,ray,光線；ひらめき、一筋の光明
1048,distress,苦悩；苦痛；困窮
1049,joint,関節；接合(部)
1050,expedition,遠征(隊)、探検(隊)
1051,adolescent,青年；青年期の
1052,shade,(日)陰；色合い；日よけ；微妙な相違
1053,jury,陪審(員団)；審査員団
1054,ethic,倫理、道徳；〔～s〕倫理［道徳］規範
1055,penalty,(刑)罰；罰金；ペナルティー
1056,faculty,能力、機能；学部；教授陣
1057,scheme,計画；体系；陰謀
1058,nutrition,栄養(の摂取)
1059,particle,(微)粒子；ほんのわずか
1060,molecule,分子；微粒子
1061,nationality,国籍；国民；国民性
1062,poll,世論調査；投票(数)
1063,clinic,診療所、クリニック；(病院内の)～科
1064,dementia,認知症
1065,fatigue,疲労
1066,dilemma,ジレンマ、板ばさみ
1067,queue,【英】(順番を待つ)列
1068,curve,(道路などの)カーブ；曲線
1069,narrative,物語、話；(小説の)叙述部分、地の文
1070,fingerprint,指紋
1071,file,ファイル；(書類の)とじ込み
1072,wilderness,荒野；(庭・町などの)放置された部分
1073,pesticide,殺虫剤；除草剤
1074,panic,パニック(状態)；狼狽
1075,fabric,織物、布(地)；構造
1076,fantasy,空想；幻想；幻想的作品
1077,fancy,(気まぐれな)好み；空想；思いつき
1078,virtue,美徳；長所；効能
1079,grateful,感謝している
1080,valid,妥当な；有効な
1081,elaborate,入念な；凝った
1082,moderate,適度な；穏健な
1083,dynamic,活動的な、精力的な；動的な
1084,brave,勇敢な；見事な
1085,brilliant,すばらしい；才能にあふれた；きらめく
1086,tremendous,途方もない、莫大な；すばらしい
1087,oral,口頭の
1088,innocent,無罪の；無邪気な；無知の
1089,subsequent,その後の
1090,shallow,浅い；浅薄な
1091,indifferent,無関心な
1092,inferior,より劣った
1093,awkward,気まずい；ぎこちない；厄介な
1094,obese,肥満した
1095,pregnant,妊娠した；(～で)満ちている(with)
1096,intimate,親密な；密接な
1097,medieval,中世の；時代遅れの
1098,sacred,神聖な；宗教的な；厳粛な
1099,simultaneously,(～と)同時に(with)；一斉に
1100,versus,〔A ～ Bで〕A対B；AかBか
1101,proceed,進む，進行する；(～を)続行する(with)
1102,orient,(人)を(環境などに)慣らす(to)；[受身形で](関心などが)(～に)向いている(to/toward)
1103,surf,(インターネット上の情報など)を見て回る；サーフィンをする
1104,filter,をろ過する；を取り除く
1105,bind,を縛る；を束縛する；を結び付ける
1106,resort,(好ましくない手段に)訴える，頼る(to)
1107,reinforce,を強化する；を補強する
1108,accumulate,を蓄積する，集める；積もる
1109,bet,と確信する，断言する；(金などを)かける
1110,advocate,を主張する；を擁護する
1111,constitute,を構成する；になる，に等しい
1112,undertake,を引き受ける；を保証する；に着手する
1113,grip,を握る；をとらえる
1114,dismiss,(意見など)を退ける；を解雇する
1115,fade,薄れる；衰える
1116,conceal,を隠す；を秘密にする
1117,chew,(を)かむ；をかみ砕く
1118,swallow,(を)飲み込む；をうのみにする；に耐える
1119,seal,を密閉する；に封をする
1120,migrate,移住する；(鳥などが)渡る
1121,exaggerate,(を)誇張する；を強調する
1122,accuse,を非難する；を告訴する
1123,vanish,消える
1124,polish,を磨く；を洗練させる
1125,wipe,を拭く；を拭き取る；を消し去る
1126,sweep,(を)掃く；を一掃する；さっと通過する
1127,mislead,を誤解させる，欺く；(人)を間違った方向に導く
1128,spoil,を台無しにする；を甘やかす；だめになる
1129,compound,を悪化させる；を合成する；を混合する
1130,explode,爆発する；急増する；を論破する
1131,disgust,をむかつかせる；に愛想を尽かせる
1132,commute,通勤［通学］する
1133,decorate,を装飾する
1134,postpone,を延期する
1135,cease,をやめる；終わる
1136,compromise,妥協する；を危うくする
1137,elect,を選出する
1138,extract,を取り［搾り］出す；を抜粋する
1139,inherit,を受け継ぐ；を相続する
1140,rear,(人・動物・植物)を育てる
1141,empathy,感情移入，共感
1142,cue,合図；手がかり；(次の演技の)キュー
1143,enterprise,企業，事業；企画；進取の気性
1144,output,生産(高)；出力；排出(量)
1145,congress,(米国などの)議会；会議
1146,millennium,千年間，千年紀
1147,mankind,人類
1148,Muslim,イスラム教徒
1149,estate,(動産・不動産などの)財産；私有地
1150,landmine,地雷
1151,caution,用心；警告
1152,controversy,論争
1153,consensus,総意；(意見の)一致
1154,retail,小売り
1155,fiber,繊維(質)；本質；精神力
1156,scent,(よい)香り；香水
1157,beverage,(水以外の)飲み物，飲料
1158,supplement,栄養補助剤，サプリメント；補足
1159,diabetes,糖尿病
1160,province,州，省；〔the ～s〕地方；分野
1161,reef,(岩や砂の)礁；暗礁
1162,microbe,微生物；細菌
1163,excess,過剰，超過
1164,gallery,美術館，画廊；観客，ギャラリー；回廊
1165,fame,名声
1166,deadline,締め切り
1167,undergraduate,学部学生
1168,slavery,奴隷制度；苦役
1169,prey,獲物；犠牲者
1170,mess,散らかった状態［物］；混乱状態
1171,recession,不況；後退
1172,retreat,後退，退却；(計画・決定などの)撤回
1173,grave,墓；〔通例the ～〕死
1174,column,コラム；(新聞などの)欄；円柱；(縦)列
1175,scenery,〔集合的に〕景色；背景
1176,plot,(小説などの)筋；陰謀
1177,sculpture,彫刻(作品)
1178,tablet,タブレット(型情報端末)；錠剤；平板
1179,dense,密集した，密度の高い；(霧などが)濃い
1180,exotic,外来の；異国風の
1181,acid,酸性の；酸っぱい；辛辣な
1182,bitter,苦い，つらい；辛辣な；怒りっぽい
1183,sensible,賢明な；実用的な；顕著な
1184,noble,高貴な；堂々とした；高潔な
1185,vague,漠然とした，あいまいな；おぼろげな
1186,parallel,(～と)平行［並行］の(to)；類似した
1187,tense,張り詰めた，緊張した
1188,vertical,垂直の；縦方向の
1189,indigenous,原産の，先住の；(その土地に)固有の
1190,aboriginal,〔通例A～〕アボリジニの；原生の，先住の
1191,seasonal,季節の，季節的な
1192,abundant,豊富な；(～に)富む(in)
1193,hybrid,ハイブリッドの；雑種の；混成の
1194,irrelevant,(～にとって)無関係の(to)；見当違いの
1195,ridiculous,ばかげた；法外な
1196,fairy,妖精の(ような)
1197,sensory,感覚の
1198,chronic,慢性の；長引く；常習の
1199,voluntary,自発的な；無償の
1200,inclined,傾向がある；傾いた
1201,infer,を推論する，推測する
1202,esteem,を尊敬する；を見なす
1203,tackle,に取り組む；と(～のことで)話をつける(about / on)
1204,venture,危険を冒して進む；を思い切ってする
1205,accelerate,を加速させる，促進する；加速する
1206,accustom,(人)を慣れさせる
1207,amuse,をおもしろがらせる，楽しませる
1208,flourish,繁栄する；繁茂する；を振りかざす
1209,thrive,繁栄する，うまくいく；繁茂する
1210,nurture,をはぐくむ；を養成する
1211,click,(を)クリックする；をカチッと鳴らす；カチッと音がする
1212,spin,回転する；を回転させる；(糸)を紡ぐ
1213,clip,を切り抜く；を(はさみで)切り取る；をクリップで留める
1214,drag,を引きずる；ぐずぐずする
1215,cast,を投じる；に役を当てる
1216,scatter,をまき散らす；分散する
1217,tempt,を(…する)気にさせる(to do)；を引きつける
1218,withdraw,を引き出す；を撤回する；撤退する
1219,yawn,あくびをする
1220,blink,まばたきする；点滅する；(目)をまたたく
1221,dye,を染める；染まる
1222,spill,をこぼす；こぼれる
1223,irritate,をいらいらさせる；をひりひりさせる
1224,insult,を侮辱する
1225,enforce,を施行［実施］する；を(～に)強制する(on / upon)
1226,rob,から(金品を)奪う
1227,drain,(液体)を流出させる；(液体が)流れ出る
1228,suspend,を停職［停学，出場停止］にする；を一時的に中断する
1229,drift,漂う；さまよう；を押し流す
1230,forgive,を許す；を免除する
1231,revise,を修正する；を改訂する
1232,recruit,を募る；に新人を補充する
1233,twist,をねじる，ひねる；を歪曲する
1234,crush,を押しつぶす；を弾圧する；を絞り出す
1235,pin,をピンで留める；を突き刺す
1236,uncover,を暴く；を 発掘する
1237,exploit,を活用する；を搾取する，につけ込む
1238,implement,を実行［実施］する
1239,integrate,を統合する；融合する
1240,incorporate,を取り入れる；を法人にする；合併する
1241,profile,人物の紹介；横顔；輪郭
1242,appetite,食欲；欲求
1243,impulse,衝動；刺激
1244,script,台本；筆跡
1245,anniversary,(～周年)記念日
1246,pension,年金
1247,temper,気質，気性；機嫌；かんしゃく
1248,cortex,皮質；樹皮
1249,syndrome,症候群；～現象
1250,chamber,(特定の目的の)部屋；議場；〔the ～〕議院
1251,utility,公共事業；公共料金；実用性
1252,cattle,〔集合的に〕牛
1253,herd,(牛などの)群れ；群衆
1254,fluid,流動体，液体
1255,pity,残念なこと；哀れみ
1256,priest,聖職者
1257,acquaintance,知人；面識；知識
1258,offspring,子孫，子；成果
1259,famine,飢饉；(食糧・物資の)ひどい不足
1260,deforestation,森林伐採
1261,jail,刑務所，拘置所
1262,commodity,商品；有用なもの
1263,format,書式，形式；(本などの)型
1264,recipient,受け取る人；(臓器などの)被提供者
1265,drill,訓練；(反復)練習；ドリル，錐
1266,inability,無能，無力
1267,republic,共和国；共和制
1268,combat,戦闘；対立
1269,debris,(破壊された後の)残骸，瓦礫；がらくた
1270,bug,病原菌(が起こす病気)；虫；盗聴器；(機械・プログラムの)欠陥
1271,fraction,わずか，一部；分数
1272,index,指標；索引；指数
1273,intuition,直観(力)，直感
1274,motive,動機
1275,consent,同意，承諾
1276,hierarchy,(社会の)階層制；〔the ～〕支配層
1277,monument,記念碑，遺跡；金字塔
1278,asset,〔通例～s〕資産；価値のあるもの；利点
1279,decent,まずまずの；きちんとした；上品な
1280,competent,有能な；適任の；満足できる
1281,straightforward,単純な；率直な
1282,cosmetic,化粧の，美容の；うわべの
1283,delicate,繊細な；扱いにくい；もろい
1284,interior,室内の；内部の
1285,transparent,透明な；明快な
1286,aesthetic,美的な；美学の
1287,deliberate,故意の；慎重な
1288,demographic,人口統計学の
1289,prehistoric,有史以前の；旧式な
1290,innate,生まれながらの；固有の
1291,mild,穏やかな；(程度が)軽い
1292,toxic,有毒な；中毒性の
1293,ashamed,恥じて
1294,humble,謙虚な；質素な；身分が低い
1295,peculiar,特有の；特異な
1296,steep,(傾斜が)急な；急激な；法外な
1297,trivial,ささいな，取るに足りない
1298,magnificent,壮大な；見事な
1299,wireless,無線(電信)の，ラジオの
1300,ongoing,継続している，進行中の
1301,assure,に自信を持って言う；を保証する
1302,precede,に先行する；に優先する
1303,revive,を復活させる；復活する
1304,compel,に強いる
1305,blossom,花が咲く；発展する
1306,terrify,を怖がらせる；を脅かす
1307,violate,(法律・規則など)に違反する；を侵害する
1308,suppress,を抑える；を抑圧する
1309,deceive,をだます
1310,manipulate,を(巧みに)操る；を改ざんする
1311,starve,飢える；(～を)渇望する(for)；を飢えさせる
1312,flee,(から)逃げる
1313,whisper,(を)ささやく
1314,yell,叫ぶ，どなる
1315,deposit,を置く；を預ける；を堆積させる
1316,confine,を限定する；〔通例受身形で〕閉じ込められる
1317,swing,を揺らす，振る；揺れる；(行動に)さっと移る
1318,prolong,を長引かせる
1319,depict,を描く
1320,outline,の要点を述べる；の輪郭を描く
1321,shed,を捨て去る；(光など)を放つ；(涙・血)を流す
1322,emit,(光・熱など)を出す，排出する；(信号)を送る
1323,renew,を更新する；(資源)を再生する
1324,utilize,を利用する
1325,assert,を主張する
1326,strain,に負担をかける；を緊張させる；を漉す
1327,strive,努力する；争う
1328,dare,あえて［思い切って］…する
1329,boast,を誇る；(を)自慢する
1330,startle,をびっくりさせる
1331,offend,の気分を害する；(に)違反する
1332,compute,(を)計算する；コンピューターを使う
1333,assemble,を集める；を組み立てる；集まる
1334,worsen,を悪化させる；悪化する
1335,flip,を(ぱっと)裏返す；を軽くはじく
1336,rub,(を)こする；(～に)を塗る(on / over)
1337,descend,(を)降りる；受け継がれる
1338,compensate,補償する；に償う
1339,comprise,から成る；を構成する
1340,prevail,普及している；支配的である；(～に)打ち勝つ(over)
1341,quest,探究
1342,dignity,尊厳；威厳
1343,criterion,(判断・評価の)基準
1344,paradox,逆説；矛盾
1345,parliament,(英国などの)議会；国会議員(団)
1346,legislation,法律；立法
1347,agenda,協議事項(リスト)；議事日程(表)；(政治上の)課題
1348,mainstream,(活動・思潮などの)主流；大勢
1349,troop,〔～s〕軍隊；集団
1350,epidemic,流行(病)；蔓延
1351,outbreak,発生，勃発
1352,chaos,混沌，大混乱
1353,nightmare,悪夢(のような状況)；不安感
1354,horror,恐怖；強い嫌悪；嫌な物［人］
1355,cluster,集団；(植物の)房，束
1356,pollen,花粉
1357,hive,ミツバチの巣(箱)；人の集まる所
1358,irrigation,灌漑
1359,dose,(薬の1回分の)服用量；放射線の1回の照射量
1360,suicide,自殺；自殺的行為
1361,feast,祝宴；大ごちそう；楽しみ
1362,cuisine,(独特の)料理，料理法
1363,rumor,うわさ
1364,proverb,ことわざ
1365,signature,署名；特徴
1366,formula,方法，解決策；公式
1367,tuition,【主に米】 授業料；(個人)指導
1368,intake,摂取量；受け入れ数；取り入れること
1369,spectrum,スペクトル；(波動・変動の)範囲
1370,kidney,腎臓
1371,gear,用具(一式)，器具；歯車；ギア
1372,aisle,(座席間などの)通路
1373,grief,深い悲しみ
1374,destiny,運命
1375,skull,頭骨，頭蓋骨；頭脳
1376,tomb,墓
1377,monk,修道士，僧
1378,worship,崇拝，礼拝(式)；賛美
1379,outstanding,際立った；未払いの；未解決の
1380,unprecedented,前例のない；空前の
1381,infinite,無限の；無数の
1382,worthwhile,価値がある；立派な
1383,indispensable,不可欠な
1384,compulsory,義務的な，強制的な
1385,probable,十分にありそうな
1386,ambiguous,あいまいな；多義的な
1387,obscure,(世に)知られていない；不明瞭な
1388,skeptical,(～に)懐疑的な
1389,fragile,壊れやすい；虚弱な
1390,static,静的な；動きのない
1391,gradual,徐々の，緩やかな
1392,vocal,声の，発声の；はっきりものを言う
1393,vivid,鮮やかな；生き生きとした
1394,imperial,帝国の；皇帝の
1395,hostile,敵意のある
1396,superficial,表面的な
1397,scarce,乏しい；珍しい
1398,gross,総計の；甚だしい；粗野な
1399,inherent,生来の，本来的に備わっている
1400,notable,注目に値する；著名な
1401,update,を最新のものにする；をアップデートする
1402,refresh,(気分)をさわやかにする；(記憶など)を新たにする；を最新のものにする
1403,bloom,花が咲く；栄える
1404,conquer,を征服する；を克服する
1405,induce,を引き起こす；を説得する
1406,attain,を獲得する，達成する；に達する
1407,spray,を吹きかける，に吹きつける
1408,retrieve,(情報)を検索する；を取り戻す；を回復する
1409,portray,を描く；(の役)を演じる
1410,scratch,を引っかく；を取り消す，削除する
1411,designate,を指定する；を任命する
1412,contradict,と矛盾する；に反対意見を言う
1413,sigh,ため息をつく
1414,disrupt,を混乱させる；を分裂させる
1415,depart,出発する；(～から)それる(from)
1416,navigate,(を)誘導する；(を)操縦する；(を)航行する
1417,beg,に(～を)切に頼む(for)；(を)懇願する
1418,inhabit,に住んでいる；に宿る，存する
1419,diagnose,(を)診断する
1420,comprehend,を理解する
1421,oblige,に義務づける；に恩恵を施す
1422,cram,に詰め込む；詰め込み勉強をする
1423,flock,群がる，集まる
1424,underestimate,(を)過小評価する；(を)軽く見る；を少なく見積もる
1425,clarify,を明確にする
1426,spark,を引き起こす；を刺激する；スパークする
1427,seize,をつかむ；を奪い取る；を没収する
1428,soar,急上昇する；空高く飛ぶ
1429,glow,光り［照り］輝く；赤く燃える；紅潮する
1430,disguise,を(～に)変装させる(as)；を偽る
1431,distort,を歪める；歪む
1432,undermine,を徐々にむしばむ；を侵食する
1433,abolish,を廃止する
1434,strip,を［から］取り去る；を裸にする
1435,dispose,〔＋ofで〕を処分する；を(…する)気にさせる(to do)；を配置する
1436,dump,を投棄する；をどさっと落とす
1437,weave,を織る；(計画・物語など)を作り上げる
1438,refine,を洗練する；を精製する
1439,enrich,を豊かにする；(物質)を濃縮化する
1440,coordinate,を調整する；を組織する；(服など)をコーディネートする
1441,headline,(新聞などの)見出し
1442,internship,【米】 実務［医学］研修；研修期間
1443,outlet,直売店，特売店；はけ口；【米】(電気の)コンセント
1444,remedy,治療(法)；治療薬；解決法
1445,pill,錠剤，丸薬；〔the ～〕ピル，経口避妊薬
1446,reception,反応；宴会；受付；受信(状態)
1447,transaction,(商)取引；(人と人との)交流
1448,mutation,突然変異(体)；変化
1449,dairy,〔集合的に〕乳製品；乳製品加工所［販売者］
1450,compassion,同情
1451,posture,姿勢；心構え
1452,curse,悪態，ののしりの言葉；呪い；〔通例a ～〕災い
1453,funeral,葬式
1454,census,国勢調査；交通調査
1455,encyclopedia,百科事典
1456,cereal,〔通例～s〕穀物；シリアル(穀物加工食品)
1457,fragment,断片
1458,patch,(～の)部分，斑点；継ぎ；貼り薬
1459,rubbish,【英】 ごみ；つまらないもの
1460,maze,迷路；複雑に込み入ったもの
1461,outlook,見解；見通し；眺め
1462,breakthrough,大発見，飛躍的進歩
1463,triumph,勝利；勝利の喜び；偉業
1464,ally,同盟国；提携者；援助者；盟友
1465,spectator,(試合などの)観客
1466,sphere,領域；球体；天体
1467,county,【米】 郡；【英】州
1468,behalf,利益，味方
1469,interval,(時間の)間隔；合間；隔たり；小休止
1470,circulation,循環；流通；(新聞・雑誌の)発行部数
1471,blade,刃；(プロペラなどの)羽根；(草などの)葉
1472,theft,窃盗(罪)
1473,vacuum,真空；空虚
1474,collision,衝突；対立
1475,bargain,買い得品；取引；契約
1476,landmark,(ある場所の)目印；画期的な出来事
1477,revenue,歳入；収益
1478,treaty,(国家間の)条約；協定
1479,supreme,最高の
1480,thorough,徹底的な；まったくの
1481,naked,裸の
1482,sincere,心からの；誠実な
1483,tame,飼いならされた，人に慣れた；退屈な
1484,insufficient,不十分な；不適当な
1485,dim,薄暗い；ぼんやりした
1486,acute,(痛み・感情などが)激しい；(知覚などが)鋭い；急性の
1487,disabled,障害のある；障害者用の
1488,metropolitan,大都市の，首都圏の
1489,monetary,金銭的な；金融の
1490,alternate,代わりの；交互の
1491,partial,部分的な；不公平な
1492,divine,神の；神にささげる
1493,drastic,徹底的な，抜本的な；極端な
1494,fierce,猛烈な；どう猛な
1495,sole,唯一の；単独の；独占的な
1496,spontaneous,自然発生的な；自発的な
1497,spatial,空間の
1498,neat,きちんとした；見事な
1499,tidy,きちんとした，整頓された；相当の
1500,loyal,(～に)忠実な(to)；誠実な
1501,bless,に恩恵を与える；に感謝する
1502,regain,を取り戻す
1503,conform,順応する；一致する
1504,enroll,登録する，入会する；を登録させる
1505,entitle,に権利を与える；に題名をつける
1506,halt,を止める；止まる
1507,provoke,(感情・行動など)を引き起こす；を挑発する
1508,invade,を侵略する；を侵害する；(場所)に殺到する
1509,squeeze,押し入る；を押し込む；(を)搾る；(を)強く押す
1510,crawl,はう；ゆっくり進む
1511,digest,を消化する；を理解する；を要約する
1512,utter,(声)を発する；(考えなど)を述べる
1513,refrain,控える
1514,populate,に住む，の住民である；に人を住まわせる
1515,accommodate,を収容する；を(～に)適応させる(to)
1516,steer,(を)操縦する；を(～へ)向ける(to)
1517,drown,溺死する；を水浸しにする
1518,dip,を浸す；(手など)を(～に)突っ込む(into / in)；下がる
1519,soak,を浸す；をずぶぬれにする；浸る
1520,stir,をかき回す；を揺り動かす
1521,transplant,を移植する；を移住させる
1522,reassure,を安心させる
1523,resume,(を)再開する；を取り戻す
1524,speculate,(と)推測する；投機する
1525,surpass,を上回る
1526,appoint,を任命する；(日時・場所など)を指定する
1527,intrigue,に興味を持たせる；陰謀を企てる
1528,decay,腐敗する；(徐々に)衰える
1529,contaminate,を汚染する；を堕落させる
1530,swell,膨張する，腫れる；を膨らませる
1531,delete,を削除する，消す
1532,tolerate,を許容する，我慢する
1533,envy,をうらやむ
1534,pray,(を)祈る
1535,confess,(を)告白する
1536,resign,(を)辞任する；を放棄する
1537,dissolve,(を)溶かす；(議会など)を解散する；(契約など)を解消する；溶ける
1538,unfold,(閉じたもの)を開く；を明らかにする；開く；明らかになる
1539,awaken,を目覚めさせる；(～から)覚める(from)
1540,conceive,(を)思いつく；と想像する；(を)妊娠する
1541,entrepreneur,起業家，事業家
1542,stake,利害関係；〔通例～s〕賭け金；杭
1543,surplus,余剰，過剰；黒字
1544,inflation,インフレ(ーション)；(物価の)高騰
1545,sweatshop,搾取工場
1546,clash,衝突；対立；かち合うこと；ガチャンという音
1547,sociology,社会学
1548,ideology,イデオロギー，思想傾向
1549,margin,余白；差；利ざや
1550,realm,領域；領土
1551,domain,分野；領域；ドメイン
1552,algorithm,アルゴリズム；問題解決の手順
1553,prairie,大草原
1554,frontier,〔通例the ～s〕最先端；〔the ～〕 【米】辺境地；国境
1555,bullet,銃弾
1556,shield,盾，防御物
1557,despair,絶望
1558,radiation,放射能，放射線
1559,placebo,偽薬，プラシーボ；気休め
1560,nursery,託児所；苗床
1561,spouse,配偶者
1562,makeup,化粧；化粧品；構成；性質
1563,mummy,ミイラ；【英】ママ，お母さん
1564,flesh,(人・動物の)肉；果肉
1565,limb,手足
1566,odor,におい；気配
1567,laundry,洗濯(物)；クリーニング店
1568,tide,潮(の干満)；動向
1569,questionnaire,アンケート
1570,nonsense,ばかげた物［話，考え］；無意味な言葉
1571,revenge,復讐
1572,intellect,知性；〔the ～(s)〕知識人
1573,hospitality,親切なもてなし，歓待；受容性
1574,librarian,司書，図書館員
1575,manuscript,(手書きの)原稿；写本
1576,obsession,(考えなどに)取りつかれること；妄想；強迫観念
1577,hygiene,衛生(状態)；健康法
1578,paradigm,理論的枠組み，パラダイム；模範
1579,legitimate,合法的な；妥当な
1580,authentic,本物の；信頼できる
1581,empirical,経験的な；経験主義の
1582,immense,膨大な
1583,absurd,ばかげた；不合理な
1584,weird,異様な，奇妙な
1585,accidental,偶然の；過失による
1586,uneasy,不安な；落ち着かない；ぎこちない
1587,jealous,嫉妬深い；用心深い
1588,feminine,女らしい
1589,swift,素早い
1590,hollow,空洞の；空虚な；うわべだけの
1591,crude,大まかな；粗野な；未精製の
1592,sore,痛い；腹が立って
1593,pessimistic,悲観的な
1594,vain,無駄な；うぬぼれた
1595,susceptible,(～の)影響を受けやすい(to)；感染しやすい
1596,edible,食用の，食べられる
1597,sheer,純然たる，真の；すごい；(布が)薄地の
1598,explicit,明白な；率直な
1599,prone,(～に)なりやすい(to)；(…する)傾向がある(to do)
1600,affluent,裕福な；豊富な
1601,collaborate,共同して働く；(～に)協力する(with)
1602,exert,を及ぼす；(力など)を行使する
1603,excel,(～で)秀でている(in / at)；に勝る
1604,prosper,栄える，成功する；繁殖する
1605,surge,殺到する；(感情が)こみ上げる；急騰する
1606,intervene,(～に)介入する(in)；介在する
1607,insert,を挿入する
1608,overtake,を追い抜く；に追いつく；(災難・強い感情などが)を襲う
1609,snap,をパチンと鳴らす；をポキッと折る；ポキッと折れる；パチンと音を立てる
1610,carve,を彫る；を切り開く；(肉)を切り分ける
1611,addict,〔受身形で〕(～の)中毒になる(to)；(～に)凝る
1612,condemn,を非難する；〔受身形で〕(～の刑を)宣告される(to)
1613,convict,に有罪を宣告する
1614,dictate,を指図する；を書き取らせる；を規定する
1615,prescribe,(薬など)を処方する；を規定する
1616,inhibit,を抑制する；を妨げる
1617,stray,はぐれる，(道に)迷う
1618,roam,(を)歩き回る；放浪する
1619,enclose,を同封する；を取り囲む
1620,execute,を実行する；を処刑する
1621,coincide,同時に起こる；一致する
1622,lag,遅れる；徐々に弱まる
1623,cling,しがみつく；くっつく
1624,erase,を消す
1625,grind,(穀物など)をひく
1626,knit,を編む；を結合する；編み物をする
1627,inquire,(を)尋ねる
1628,betray,をうっかり表す；を裏切る
1629,leak,漏れる；を漏らす
1630,smash,を粉砕する；を強打する；粉々に壊れる；激突する
1631,bounce,跳ねる；反射する；を弾ませる；(Ｅメールが)(宛先不明で)返送される
1632,sprawl,(都市などが)不規則に広がる；だらしなく手足を伸ばす
1633,converse,(～と)会話をする(with)
1634,recite,を暗唱する；を詳述する
1635,disregard,を無視する；を軽視する
1636,frown,眉をひそめる
1637,evoke,を呼び起こす
1638,pledge,を誓う，約束する；を与えることを約束する
1639,aspire,(～を)熱望する(to)
1640,contemplate,(を)熟考する；を予想する
1641,grace,優美，優雅；分別；(神の)恩寵
1642,enlightenment,啓蒙，啓発
1643,commerce,商業；貿易
1644,draft,下書き；為替手形；隙間風
1645,barrel,バレル(液量の単位)；たる
1646,timber,【英】 木材；樹木
1647,garment,衣服
1648,thread,糸；(議論などの)筋道
1649,cabinet,〔しばしばthe C-〕内閣；戸棚
1650,bureau,(官庁の)局；事務局；案内所
1651,autonomy,(個人の)自律；自治(権)；自治体
1652,toll,損害(の程度)；死傷者数；通行料
1653,discourse,話し合い，会話；講演；論説
1654,superstition,迷信
1655,glimpse,ちらりと見えること
1656,arithmetic,計算；算数
1657,glossary,用語小辞典；用語集
1658,archive,〔しばしば～s〕記録文書，公文書；公文書保管所；(コンピューターの)アーカイブ
1659,legacy,遺産
1660,anthropology,人類学
1661,rage,激怒；猛威
1662,sorrow,悲しみ
1663,psychiatrist,精神科医
1664,ward,行政区；病棟
1665,stall,露店；エンスト；失速
1666,flame,炎；情熱
1667,moisture,水分；湿気
1668,irony,皮肉
1669,warrior,戦士
1670,astronomy,天文学
1671,probe,(無人)宇宙探査機；(～の)精査(into)；探り針
1672,altitude,高度，標高
1673,tumor,腫瘍；腫れ物
1674,defect,欠陥；不足
1675,sanitation,公衆衛生(学)；下水［衛生］設備
1676,longevity,長寿；寿命；長年勤続
1677,scope,(活動・能力などの)範囲；余地
1678,sentiment,感情；感想；感傷
1679,plausible,もっともらしい
1680,vigorous,精力的な；激しい；活力のある
1681,masculine,男らしい
1682,rigid,厳しい；硬直した
1683,adverse,不都合な；逆の
1684,coherent,一貫した，筋の通った；結束した
1685,literal,文字どおりの；逐語的な；散文的な
1686,arbitrary,恣意的な；独断的な
1687,anonymous,匿名の
1688,antique,骨董の，アンティークの；古風な
1689,eternal,永遠の；不変の
1690,intermediate,中級の；中間の
1691,subordinate,(～より)下位の(to)；副次的な
1692,gloomy,陰気な；薄暗い；悲観的な
1693,thermal,熱の，熱による；保温用の
1694,faint,かすかな；めまいがする；弱々しい
1695,naive,お人よしの，愚直な；純朴な
1696,apt,(…する)傾向がある(to do)；適切な；利発な
1697,arrogant,横柄な，傲慢な
1698,extrovert,外向的な；社交的な
1699,conspicuous,目立つ
1700,intact,損なわれていない，手つかずの
1701,embody,を具現する；を包含する
1702,illuminate,を照らす；を解明する
1703,console,を慰める
1704,verify,の正しさを証明［確認］する
1705,disclose,を公表する，暴く
1706,stack,を積む，積み重ねる；〔～ upで〕(車が)渋滞する
1707,rotate,回転する；循環する；を回転させる
1708,constrain,に(…することを)強いる(to do)；を抑える
1709,hinder,を妨げる
1710,withstand,に耐える
1711,tweet,(を)ツイートする，つぶやく
1712,sneeze,くしゃみをする
1713,erupt,(火山が)噴火する；勃発する
1714,blur,をぼかす；を曇らせる；をあいまいにする
1715,overlap,(一部)重なる；(と)重複［共通］する
1716,embed,〔通例受身形で〕埋め込まれる，はめ込まれる
1717,displace,に取って代わる；を移動させる
1718,render,を(ある状態に)する；(援助など)を与える
1719,plunge,(～に)(を)突っ込む(into)；没頭する；陥る
1720,surrender,を放棄する，引き渡す；(～に)屈する(to)
1721,plug,〔＋inで〕のプラグを電源に差し込む；を(～で)ふさぐ(with)
1722,suck,(を)吸う；(を)しゃぶる
1723,mock,をばかにする；のまねをしてからかう
1724,tease,(を)からかう；をいじめる
1725,soothe,をなだめる；を和らげる
1726,stain,を汚す；に着色する
1727,shun,を避ける
1728,stumble,よろけながら歩く；(～に)つまずく(on / over)
1729,flush,を紅潮させる；を水で流す；紅潮する
1730,impair,を損なう
1731,presume,と思う；と推定する；を前提とする
1732,contend,と主張する；競う
1733,roar,うなる，ほえる；大笑いする
1734,haunt,(記憶・考えなどが)につきまとう；(幽霊などが)に出る；によく行く
1735,divert,(注意など)をそらす；を迂回させる；(資金など)を転用する
1736,await,を待つ
1737,fetch,を(行って)持って［連れて］くる
1738,unify,を統合［統一］する；統一される
1739,inspect,を点検する；を視察する
1740,entail,を伴う，引き起こす；(…すること)を含む(doing)
1741,tactics,作戦，方策；戦術，戦法
1742,feat,偉業，功績；妙技
1743,prestige,名声；〔形容詞的に〕名声のある
1744,analogy,類推；類似
1745,conscience,良心；分別
1746,textile,織物；繊維(産業)
1747,deficit,赤字，不足；欠陥
1748,plague,疫病；(害虫などの)異常発生
1749,hazard,危険(要素)；偶然
1750,metabolism,(新陳)代謝，代謝作用
1751,paralysis,麻痺；〔比喩的に〕麻痺(状態)
1752,grid,(電気などの)供給網；格子(模様)；碁盤目
1753,carriage,馬車；車両；立ち居振舞い；【英】輸送
1754,friction,不和；摩擦
1755,rebel,反逆者
1756,regime,政権，政体；体制
1757,monopoly,独占(権)
1758,staple,必需食品；主要産物
1759,merchandise,商品
1760,vendor,物売り，行商人；自動販売機
1761,supervisor,監督者；指導教員
1762,predecessor,前任者；前のもの
1763,personnel,〔集合的に〕職員，社員
1764,vessel,船舶；容器；(体液が通る)脈管
1765,liver,肝臓
1766,duration,(時間の)継続，持続(時間)
1767,certificate,証明書；免許状
1768,geometry,幾何学
1769,symmetry,(左右)対称；調和
1770,biography,伝記
1771,masterpiece,傑作
1772,rhyme,押韻詩；韻；〔通例～s〕詩歌
1773,premium,保険料；プレミア；景品
1774,breakdown,崩壊；(神経)衰弱；故障；内訳
1775,courtesy,礼儀正しさ；好意；優遇
1776,protocol,(条約)議定書；外交儀礼；プロトコル
1777,specimen,標本；実例
1778,thesis,論文；命題，テーゼ
1779,eligible,適格の，資格のある；(結婚相手として)望ましい
1780,intrinsic,固有の，本質的な
1781,diligent,勤勉な；入念な
1782,vocational,職業の，職業訓練の(ための)
1783,bankrupt,破産宣告を受けた；破綻している
1784,stern,厳しい；いかめしい
1785,stubborn,頑固な，強情な；手に負えない
1786,maternal,母の，母親らしい；妊婦の
1787,fertile,肥沃な；多産の
1788,ripe,熟した；成熟した
1789,stiff,硬直した，凝った；堅い
1790,obsolete,廃れた，使われなくなった；古くなった
1791,vacant,空いている
1792,acoustic,音響の；聴覚の；(楽器が)アコースティックの
1793,preliminary,予備の，準備の
1794,approximate,おおよその
1795,implicit,暗黙の；内在する
1796,punctual,時間を守る
1797,compatible,矛盾しない；互換性のある；気が合う
1798,ample,十分すぎるほどの；広い
1799,pervasive,隅々に広がった；浸透する；充満する
1800,ubiquitous,至る所にある
1801,deduce,を推測する，演繹する
1802,simulate,を模擬実験する；を装う；をまねる
1803,merge,(を)合併する；を融合させる；溶け込む
1804,penetrate,(に)浸透する；(に)進出する；(を)貫く；(を)見抜く
1805,cater,(の)料理をまかなう；(要望などに)応える
1806,assault,に暴行する；を攻撃する
1807,torture,を拷問にかける；を苦しめる
1808,bleed,出血する
1809,erect,を建てる；を直立させる
1810,cherish,を大切にする；を心に抱く
1811,arouse,(感情など)を引き起こす；を目覚めさせる
1812,doom,〔通例受身形で〕運命にある
1813,mourn,(を)悼む；(を)嘆く
1814,dread,をひどく恐れる
1815,nourish,に栄養を与える；をはぐくむ
1816,inject,(人)に注射する，を注入する；を導入する
1817,swear,(～を)ののしる(at)；(を)誓う
1818,bid,(～に)の値をつける；(挨拶)を述べる
1819,corrupt,を堕落させる；を買収する；堕落する
1820,preoccupy,の心を奪う，を夢中にさせる
1821,browse,(を)拾い読みする；(を)閲覧する；(商品など)を見て歩く
1822,compile,を編集する；(資料など)をまとめる
1823,allocate,を割り当てる，分配する
1824,offset,を相殺する，埋め合わせる；をオフセット印刷にする
1825,restrain,を制止する；を規制する
1826,comply,従う，応じる
1827,expire,期限が切れる
1828,embark,(～に)乗り出す(on)；乗船［搭乗］する
1829,flap,パタパタ動く；羽ばたく；をパタパタ動かす
1830,furnish,に(～を)備えつける(with)
1831,forge,を偽造する；(関係など)を築く；を鍛造する
1832,thrust,を押しつける；を突き刺す；押し進む
1833,dispatch,を派遣する；を発送する；を処理する
1834,resent,に憤慨する
1835,reconcile,を(～と)一致させる(with)；を和解させる
1836,allege,を主張する
1837,oppress,を抑圧［迫害］する；を悩ませる
1838,expel,を追放する；を吐き出す
1839,ascend,(を)上がる
1840,commence,始まる；を開始する；…し始める(to do / doing)
1841,advent,〔the ～〕出現，到来
1842,reign,治世；統治
1843,diplomacy,外交(的手腕)
1844,embassy,大使館；大使一行
1845,exile,亡命(者)；(国外)追放
1846,refuge,避難(所)；保護
1847,plight,窮状；(悪い)状態
1848,solitude,ひとりでいること；孤独
1849,fallacy,誤った考え，誤信；錯誤
1850,latitude,緯度；(行動・思想などの)許容範囲
1851,eclipse,(日食・月食などの)食；(名声などの)失墜
1852,basin,流域；盆地，海盆；洗面器［台］
1853,erosion,浸食；衰退
1854,archaeology,考古学
1855,errand,(人の)使い，使い走り；用件
1856,mercy,慈悲；〔通例a ～〕幸運
1857,rhetoric,修辞(法)；美辞麗句
1858,verse,韻文；詩
1859,congestion,混雑
1860,sewage,下水
1861,complement,(～の)補完物，補足(to)；(文法の)補語
1862,subsidy,補助金；報奨金
1863,mortgage,住宅ローン；抵当(権)
1864,attorney,【米】 弁護士；代理人
1865,outfit,衣装一式；装備［道具］一式；組織
1866,bulk,〔the ～〕(～の)大半(of)；大きさ；大量
1867,reunion,再会(の集い)；再結合
1868,synthesis,合成；総合
1869,mold,鋳型；鋳物；性格；かび
1870,thirst,(のどの)渇き；(～に対する)渇望(for)
1871,greed,強欲
1872,bribe,賄賂
1873,contempt,軽蔑；恥辱
1874,texture,感触，手触り；本質；質感
1875,orphan,孤児
1876,harassment,嫌がらせ，ハラスメント
1877,hay,干し草
1878,doctrine,教義；【米】(政策上の)主義
1879,holistic,全体論の；(医療が)ホリスティックの
1880,liable,しがちな；(～を)受けやすい(to)；責任がある
1881,earnest,まじめな，熱心な
1882,intelligible,(簡単に)理解できる
1883,abrupt,突然の
1884,reckless,無謀な；(～を)顧みない(of)
1885,furious,激怒した；猛烈な
1886,eloquent,雄弁な；説得力のある
1887,juvenile,青少年の
1888,notorious,悪名高い
1889,timid,臆病な；内気な
1890,humid,湿気のある
1891,contagious,感染(性)の；病気を伝染する
1892,cynical,冷笑的な，皮肉な
1893,dumb,ばかげた；口のきけない；無言の
1894,monotonous,単調な
1895,perpetual,永続的な；ひっきりなしの
1896,dizzy,目まいがする；当惑した
1897,weary,疲れ果てた；(～に)うんざりした(of)
1898,numb,麻痺した，無感覚な；ぼう然とした
1899,mortal,致命的な；死すべき(運命の)
1900,zealous,熱心な；熱狂的な
